dataset,lr_decay,schedule,switch_to_first_order,accuracy_mean_pct,accuracy_ci_pct,saved_sample_ratio_mean_pct,saved_sample_ratio_ci_pct,time_mean_s,time_ci_s
cifar10,linear,constant-1,false,95.1,0.1,26.4,0.4,3836.2,48.4
cifar10,linear,lr-aware,false,95.1,0.1,30.3,0.3,3268.1,34.1
cifar10,linear,adaptive-ratio,false,95.1,0.1,31.4,0.4,3488.7,42.8
cifar10,linear,sqrt,false,95.0,0.1,32.8,0.2,3230.5,35.1
cifar100,linear,constant-1,false,77.3,0.1,14.3,0.2,4490.5,101.0
cifar100,linear,lr-aware,false,77.3,0.3,12.6,0.2,4047.1,32.7
cifar100,linear,adaptive-ratio,false,77.3,0.3,11.7,0.1,4470.0,22.5
cifar100,linear,sqrt,false,77.0,0.3,18.3,0.1,3983.5,37.3
cifar10,exponential,constant-1,false,94.7,0.1,55.6,0.6,2937.0,24.6
cifar10,exponential,lr-aware,false,94.7,0.1,61.4,0.7,2136.9,34.0
cifar10,exponential,adaptive-ratio,false,94.7,0.1,63.1,0.6,2070.3,14.3
cifar10,exponential,sqrt,false,94.6,0.1,62.7,0.8,2364.5,39.6
cifar100,exponential,constant-1,false,76.9,0.2,17.0,0.2,4061.3,88.0
cifar100,exponential,lr-aware,false,76.6,0.3,22.4,0.4,3859.9,85.2
cifar100,exponential,adaptive-ratio,false,76.6,0.4,23.1,0.5,3857.2,102.0
cifar100,exponential,sqrt,false,76.7,0.3,23.3,0.4,3945.5,20.0
cifar10,exponential,lr-aware,true,94.5,0.2,65.8,2.0,2117.4,29.2
cifar10,exponential,sqrt,true,94.5,0.1,67.7,1.3,2022.2,17.5
cifar100,exponential,lr-aware,true,76.4,0.3,32.8,1.9,3360.3,25.6
cifar100,exponential,sqrt,true,76.4,0.3,34.3,0.6,3281.2,54.1
cifar10,linear,lr-aware,true,95.0,0.1,35.7,1.7,3311.0,7.3
cifar10,linear,sqrt,true,94.1,0.1,66.5,4.4,1994.1,126.4
cifar100,linear,lr-aware,true,77.2,0.2,17.7,0.7,3958.4,41.8
cifar100,linear,sqrt,true,77.1,0.2,18.8,0.2,3868.8,59.1
